   ,     #_
   ~\_  ####_        Amazon Linux 2023
  ~~  \_#####\
  ~~     \###|
  ~~       \#/ ___   https://aws.amazon.com/linux/amazon-linux-2023
   ~~       V~' '->
    ~~~         /
      ~~._.   _/
         _/ _/
       _/m/'
Last login: Sun Jul  7 15:52:38 2024 from 3.16.146.5
[ec2-user@ip-10-2-10-204 ~]$ mysql -h readreplicaudacity1.cd54wxz7dmje.us-east-2.rds.amazonaws.com -P 3306 -u admin -p
Enter password: 
Welcome to the MySQL monitor.  Commands end with ; or \g.
Your MySQL connection id is 32
Server version: 8.0.35 Source distribution

Copyright (c) 2000, 2024, Oracle and/or its affiliates.

Oracle is a registered trademark of Oracle Corporation and/or its
affiliates. Other names may be trademarks of their respective
owners.

Type 'help;' or '\h' for help. Type '\c' to clear the current input statement.

mysql> show databases;
ERROR 2013 (HY000): Lost connection to MySQL server during query
No connection. Trying to reconnect...
Connection id:    8
Current database: *** NONE ***

+--------------------+
| Database           |
+--------------------+
| information_schema |
| mysql              |
| performance_schema |
| sys                |
| udacity            |
+--------------------+
5 rows in set (0.06 sec)

mysql> use udacity;
Reading table information for completion of table and column names
You can turn off this feature to get a quicker startup with -A

Database changed
mysql> select * from employees;
+----+------------------+-----------+--------+
| id | name             | position  | salary |
+----+------------------+-----------+--------+
|  1 | Tran Ngoc Thuong | Manager   |  80000 |
|  2 | Nguyen Minh Ngoc | Developer |  78555 |
|  3 | Andrew Tran      | Manager   |  80000 |
|  4 | Andrew Nguyen    | Developer |  70000 |
+----+------------------+-----------+--------+
4 rows in set (0.01 sec)

mysql> INSERT INTO employees (name, position, salary) VALUES ('Andrew Le', 'Manager', 80000), ('Andrew Ly', 'Developer', 70000);
Query OK, 2 rows affected (0.00 sec)
Records: 2  Duplicates: 0  Warnings: 0

mysql> UPDATE employees SET salary = 79999 WHERE name = 'Nguyen Minh Ngoc';
Query OK, 1 row affected (0.01 sec)
Rows matched: 1  Changed: 1  Warnings: 0

mysql> select * from employees;
+----+------------------+-----------+--------+
| id | name             | position  | salary |
+----+------------------+-----------+--------+
|  1 | Tran Ngoc Thuong | Manager   |  80000 |
|  2 | Nguyen Minh Ngoc | Developer |  79999 |
|  3 | Andrew Tran      | Manager   |  80000 |
|  4 | Andrew Nguyen    | Developer |  70000 |
|  5 | Andrew Le        | Manager   |  80000 |
|  6 | Andrew Ly        | Developer |  70000 |
+----+------------------+-----------+--------+
6 rows in set (0.00 sec)

mysql> 